0, 497, 0.00
4, 498, 0.00
7, 502, 0.00
11, 501, 0.00
15, 498, 4000.00
19, 498, 0.00
28, 508, 0.00
45, 507, 0.00
60, 506, 0.00
75, 507, 0.00
91, 511, 0.00
107, 514, 0.00
123, 510, 0.00
140, 507, 480.00
158, 509, 0.00
176, 511, 0.00
192, 514, 0.00
208, 517, 0.00
225, 515, 0.00
242, 511, 588.00
261, 507, 0.00
277, 503, 0.00
293, 506, 0.00
311, 507, 0.00
327, 507, 0.00
344, 502, 0.00
360, 499, 0.00
377, 498, 0.00
394, 503, 0.00
410, 506, 0.00
427, 509, 0.00
444, 505, 0.00
460, 503, 0.00
477, 502, 0.00
493, 507, 0.00
510, 509, 0.00
527, 510, 0.00
543, 506, 0.00
560, 503, 0.00
577, 502, 0.00
593, 506, 0.00
610, 509, 0.00
626, 509, 0.00
644, 506, 0.00
660, 503, 0.00
676, 503, 0.00
693, 507, 0.00
710, 512, 0.00
727, 513, 0.00
743, 511, 119.00
761, 513, 0.00
779, 512, 0.00
795, 513, 0.00
812, 515, 0.00
828, 518, 0.00
845, 515, 0.00
862, 511, 504.00
880, 506, 0.00
897, 503, 0.00
914, 506, 0.00
930, 507, 0.00
947, 507, 0.00
963, 503, 0.00
980, 500, 0.00
997, 501, 0.00
1013, 505, 0.00
1031, 507, 0.00
1049, 511, 0.00
1067, 510, 0.00
1084, 509, 0.00
1101, 507, 0.00
1120, 503, 0.00
1137, 502, 0.00
1155, 504, 0.00
1173, 505, 0.00
1190, 507, 0.00
1208, 508, 0.00
1225, 508, 0.00
1244, 505, 0.00
1261, 503, 0.00
1278, 501, 0.00
1296, 502, 0.00
1314, 504, 0.00
1332, 507, 0.00
1349, 512, 0.00
1367, 515, 0.00
1385, 515, 0.00
1402, 513, 0.00
1420, 510, 107.00
1440, 508, 0.00
1458, 507, 0.00
1475, 505, 0.00
1492, 506, 0.00
1511, 505, 0.00
1528, 507, 0.00
1546, 506, 0.00
1563, 504, 0.00
1582, 504, 0.00
1599, 502, 0.00
1616, 502, 0.00
1634, 503, 0.00
1652, 507, 0.00
1670, 509, 0.00
1687, 509, 0.00
1705, 509, 0.00
1723, 505, 0.00
1740, 504, 0.00
1758, 503, 0.00
1776, 502, 0.00
1794, 506, 0.00
1811, 506, 0.00
1828, 509, 0.00
1847, 509, 0.00
1864, 508, 0.00
1882, 506, 0.00
1899, 505, 0.00
1917, 507, 0.00
1935, 510, 0.00
1952, 515, 0.00
1971, 519, 0.00
1988, 522, 0.00
2006, 521, 0.00
2023, 517, 0.00
2041, 514, 96.00
2060, 509, 0.00
2077, 506, 0.00
2095, 503, 0.00
2113, 504, 0.00
2130, 504, 0.00
2148, 505, 0.00
2165, 506, 0.00
2184, 504, 0.00
2201, 505, 0.00
2219, 503, 0.00
2237, 503, 0.00
2254, 504, 0.00
2272, 507, 0.00
2289, 510, 0.00
2308, 510, 0.00
2325, 509, 0.00
2342, 506, 0.00
2360, 504, 0.00
2378, 502, 0.00
2396, 502, 0.00
2413, 505, 0.00
2430, 506, 0.00
2449, 510, 0.00
2466, 511, 0.00
2484, 512, 0.00
2502, 511, 0.00
2520, 512, 0.00
2537, 514, 0.00
2554, 515, 0.00
2573, 518, 0.00
2590, 519, 0.00
2608, 518, 0.00
2625, 517, 0.00
2643, 511, 99.00
2662, 508, 0.00
2679, 504, 0.00
2697, 502, 0.00
2715, 501, 0.00
2733, 504, 0.00
2750, 505, 0.00
2768, 508, 0.00
2786, 510, 0.00
2803, 508, 0.00
2821, 508, 0.00
2839, 505, 0.00
2856, 506, 0.00
2874, 506, 0.00
2891, 509, 0.00
2910, 511, 0.00
2927, 511, 0.00
2945, 509, 0.00
2962, 506, 0.00
2980, 505, 0.00
2998, 504, 0.00
3015, 504, 0.00
3034, 508, 0.00
3051, 509, 0.00
3068, 514, 0.00
3086, 517, 0.00
3104, 519, 0.00
3122, 519, 0.00
3139, 518, 0.00
3156, 517, 0.00
3175, 516, 0.00
3192, 515, 0.00
3210, 515, 0.00
3227, 513, 102.00
3248, 510, 0.00
3265, 509, 0.00
3282, 505, 0.00
3301, 504, 0.00
3318, 502, 0.00
3336, 503, 0.00
3353, 506, 0.00
3372, 507, 0.00
3389, 511, 0.00
3406, 512, 0.00
3424, 511, 0.00
3442, 509, 0.00
3460, 507, 0.00
3477, 506, 0.00
3494, 505, 0.00
3513, 507, 0.00
3530, 508, 0.00
3548, 510, 0.00
3566, 510, 0.00
3584, 507, 0.00
3601, 507, 0.00
3618, 505, 0.00
3637, 505, 0.00
3654, 508, 0.00
3672, 513, 0.00
3689, 518, 0.00
3707, 519, 0.00
3725, 520, 0.00
3742, 518, 0.00
3760, 516, 0.00
3778, 513, 108.00
3798, 511, 0.00
3815, 507, 0.00
3833, 508, 0.00
3851, 506, 0.00
3868, 509, 0.00
3886, 507, 0.00
3904, 506, 0.00
3921, 506, 0.00
3939, 504, 0.00
3956, 505, 0.00
3975, 507, 0.00
3992, 509, 0.00
4009, 511, 0.00
4027, 512, 0.00
4045, 512, 0.00
4063, 508, 0.00
4080, 506, 0.00
4099, 504, 0.00
4116, 504, 0.00
4133, 504, 0.00
4151, 507, 0.00
4169, 508, 0.00
4187, 510, 0.00
4204, 509, 0.00
4221, 507, 0.00
4240, 506, 0.00
4257, 507, 0.00
4275, 510, 0.00
4292, 516, 0.00
4311, 518, 0.00
4328, 521, 0.00
4345, 520, 0.00
4363, 517, 0.00
4381, 514, 99.00
4400, 509, 0.00
4417, 506, 0.00
4435, 504, 0.00
4453, 506, 0.00
4470, 506, 0.00
4488, 509, 0.00
4506, 508, 0.00
4524, 508, 0.00
4541, 507, 0.00
4558, 505, 0.00
4577, 506, 0.00
4594, 507, 0.00
4612, 509, 0.00
4629, 510, 0.00
4647, 511, 0.00
4665, 511, 0.00
4682, 508, 0.00
4701, 506, 0.00
4718, 502, 0.00
4736, 503, 0.00
4753, 504, 0.00
4771, 506, 0.00
4789, 510, 0.00
4806, 511, 0.00
4824, 510, 0.00
4842, 510, 0.00
4859, 509, 0.00
4877, 512, 0.00
4894, 514, 0.00
4913, 518, 0.00
4930, 520, 0.00
4947, 521, 0.00
4966, 520, 0.00
4983, 517, 0.00
5001, 513, 96.00
5019, 508, 0.00
5038, 505, 0.00
5055, 503, 0.00
5072, 505, 0.00
5090, 506, 0.00
5108, 509, 0.00
5126, 509, 0.00
5143, 509, 0.00
5160, 508, 0.00
5179, 506, 0.00
5196, 506, 0.00
5214, 507, 0.00
5232, 509, 0.00
5250, 510, 0.00
5267, 511, 0.00
5284, 510, 0.00
5303, 508, 0.00
5320, 506, 0.00
5338, 503, 0.00
5355, 504, 0.00
5373, 505, 0.00
5391, 507, 0.00
5408, 510, 0.00
5426, 511, 0.00
5444, 511, 0.00
5462, 512, 0.00
5479, 513, 0.00
5497, 515, 0.00
5515, 515, 0.00
5532, 518, 0.00
5550, 517, 0.00
5568, 517, 0.00
5585, 514, 102.00
5605, 511, 0.00
5622, 506, 0.00
5641, 504, 0.00
5658, 501, 0.00
5676, 500, 0.00
5693, 501, 0.00
5711, 505, 0.00
5729, 508, 0.00
5746, 509, 0.00
5765, 511, 0.00
5782, 509, 0.00
5799, 508, 0.00
5817, 507, 0.00
5835, 507, 0.00
5853, 508, 0.00
5870, 507, 0.00
5888, 510, 0.00
5906, 509, 0.00
5923, 508, 0.00
5941, 506, 0.00
5958, 504, 0.00
5977, 504, 0.00
5994, 505, 0.00
6011, 507, 0.00
6030, 509, 0.00
6047, 514, 0.00
6065, 518, 0.00
6082, 517, 0.00
6100, 519, 0.00
6118, 517, 0.00
6135, 516, 0.00
6153, 515, 105.00
6173, 513, 0.00
6191, 512, 0.00
6208, 510, 0.00
6225, 509, 0.00
6244, 506, 0.00
6261, 503, 0.00
6279, 503, 0.00
6297, 503, 0.00
6315, 503, 0.00
6332, 507, 0.00
6349, 509, 0.00
6368, 512, 0.00
6385, 512, 0.00
6403, 511, 0.00
6420, 510, 0.00
6438, 506, 0.00
6456, 505, 0.00
6473, 506, 0.00
6491, 508, 0.00
6509, 508, 0.00
6526, 509, 0.00
6544, 510, 0.00
6562, 507, 0.00
6580, 507, 0.00
6597, 505, 0.00
6615, 506, 0.00
6633, 508, 0.00
6650, 511, 0.00
6668, 516, 0.00
6685, 520, 0.00
6704, 521, 0.00
6721, 520, 0.00
6738, 518, 0.00
6756, 516, 0.00
6774, 513, 96.00
6793, 511, 0.00
6810, 509, 0.00
6829, 508, 0.00
6846, 507, 0.00
6863, 505, 0.00
6881, 504, 0.00
6899, 503, 0.00
6917, 504, 0.00
6934, 505, 0.00
6951, 508, 0.00
6970, 511, 0.00
6987, 514, 0.00
7005, 513, 0.00
7022, 512, 0.00
7041, 509, 0.00
7058, 507, 0.00
7075, 505, 0.00
7094, 505, 0.00
7111, 507, 0.00
7129, 509, 0.00
7146, 509, 0.00
7164, 509, 0.00
7182, 507, 0.00
7199, 506, 0.00
7217, 505, 0.00
7235, 506, 0.00
7252, 508, 0.00
7270, 512, 0.00
7287, 517, 0.00
7306, 521, 0.00
7323, 521, 0.00
7341, 520, 0.00
7358, 518, 0.00
7376, 517, 0.00
7394, 514, 96.00
7412, 511, 0.00
7431, 510, 0.00
7448, 510, 0.00
7465, 508, 0.00
7483, 506, 0.00
7501, 505, 0.00
7519, 504, 0.00
7536, 505, 0.00
7554, 505, 0.00
7572, 510, 0.00
7589, 511, 0.00
7607, 514, 0.00
7624, 512, 0.00
7643, 511, 0.00
7660, 509, 0.00
7677, 506, 0.00
7696, 505, 0.00
7713, 505, 0.00
7731, 506, 0.00
7748, 508, 0.00
7767, 509, 0.00
7784, 510, 0.00
7801, 507, 0.00
7819, 507, 0.00
7837, 506, 0.00
7855, 506, 0.00
7872, 508, 0.00
7889, 511, 0.00
7908, 515, 0.00
7925, 520, 0.00
7943, 520, 0.00
7961, 520, 0.00
7979, 518, 0.00
7996, 517, 0.00
8013, 514, 96.00
8033, 512, 0.00
8050, 510, 0.00
8068, 509, 0.00
8085, 508, 0.00
8103, 506, 0.00
8121, 504, 0.00
8138, 503, 0.00
8156, 504, 0.00
8174, 504, 0.00
8192, 507, 0.00
8209, 508, 0.00
8227, 512, 0.00
8245, 511, 0.00
8262, 510, 0.00
8280, 507, 0.00
8298, 505, 0.00
8315, 505, 0.00
8333, 505, 0.00
8350, 507, 0.00
8369, 508, 0.00
8386, 509, 0.00
8403, 510, 0.00
8421, 507, 0.00
8439, 506, 0.00
8457, 504, 0.00
8474, 505, 0.00
8493, 506, 0.00
8510, 510, 0.00
8527, 514, 0.00
8545, 518, 0.00
8563, 520, 0.00
8581, 520, 0.00
8598, 519, 0.00
8615, 518, 0.00
8634, 516, 0.00
8651, 515, 94.00
8670, 511, 0.00
8687, 510, 0.00
8706, 507, 0.00
8723, 506, 0.00
8740, 504, 0.00
8759, 503, 0.00
8776, 503, 0.00
8794, 504, 0.00
8811, 507, 0.00
8829, 508, 0.00
8847, 512, 0.00
8864, 512, 0.00
8882, 511, 0.00
8900, 509, 0.00
8918, 507, 0.00
8935, 506, 0.00
8952, 507, 0.00
8971, 508, 0.00
8988, 508, 0.00
9006, 509, 0.00
9024, 510, 0.00
9041, 507, 0.00
9059, 506, 0.00
9076, 505, 0.00
9095, 506, 0.00
9112, 507, 0.00
9129, 511, 0.00
9147, 517, 0.00
9165, 520, 0.00
9183, 521, 0.00
9200, 520, 0.00
9218, 518, 0.00
9236, 517, 0.00
9253, 514, 99.00
9272, 511, 0.00
9290, 510, 0.00
9308, 509, 0.00
9325, 506, 0.00
9342, 505, 0.00
9361, 504, 0.00
9378, 504, 0.00
9396, 504, 0.00
9413, 505, 0.00
9432, 508, 0.00
9449, 509, 0.00
9466, 513, 0.00
9484, 512, 0.00
9502, 512, 0.00
9520, 509, 0.00
9537, 507, 0.00
9554, 506, 0.00
9573, 506, 0.00
9590, 508, 0.00
9608, 509, 0.00
9626, 509, 0.00
9644, 510, 0.00
9661, 508, 0.00
9678, 507, 0.00
9697, 506, 0.00
9714, 507, 0.00
9732, 510, 0.00
9749, 513, 0.00
9767, 519, 0.00
9785, 522, 0.00
9802, 523, 0.00
9820, 522, 0.00
9838, 520, 0.00
9856, 517, 0.00
9873, 514, 96.00
9892, 510, 0.00
9910, 509, 0.00
9927, 507, 0.00
9945, 506, 0.00
9963, 505, 0.00
9980, 503, 0.00
9998, 505, 0.00
10015, 505, 0.00
10035, 505, 0.00
10053, 506, 0.00
10072, 507, 0.00
10091, 510, 0.00
10109, 510, 0.00
10128, 509, 0.00
10146, 510, 0.00
10166, 509, 0.00
10184, 509, 0.00
10203, 509, 0.00
10222, 508, 0.00
10241, 506, 0.00
10259, 507, 0.00
10277, 506, 0.00
10297, 506, 0.00
10315, 507, 0.00
10334, 507, 0.00
10352, 510, 0.00
10372, 513, 0.00
10390, 518, 0.00
10408, 520, 0.00
10428, 522, 0.00
10446, 521, 0.00
10465, 519, 0.00
10483, 518, 0.00
10503, 514, 95.00
10522, 511, 0.00
10541, 506, 0.00
10560, 503, 0.00
10578, 503, 0.00
10597, 501, 0.00
10615, 502, 0.00
10635, 504, 0.00
10653, 505, 0.00
10672, 507, 0.00
10691, 509, 0.00
10710, 509, 0.00
10728, 510, 0.00
10746, 510, 0.00
10766, 510, 0.00
10784, 509, 0.00
10803, 509, 0.00
10822, 507, 0.00
10841, 505, 0.00
10859, 506, 0.00
10877, 506, 0.00
10897, 505, 0.00
10915, 506, 0.00
10934, 506, 0.00
10952, 506, 0.00
10972, 508, 0.00
10990, 512, 0.00
11009, 515, 0.00
11028, 519, 0.00
11046, 522, 0.00
11065, 523, 0.00
11083, 522, 0.00
11103, 520, 0.00
11121, 517, 0.00
11140, 511, 94.00
11160, 508, 0.00
11179, 506, 0.00
11197, 502, 0.00
11215, 500, 0.00
11235, 502, 0.00
11253, 503, 0.00
11272, 506, 0.00
11291, 508, 0.00
11310, 510, 0.00
11328, 510, 0.00
11346, 511, 0.00
11366, 512, 0.00
11384, 510, 0.00
11403, 510, 0.00
11422, 508, 0.00
11441, 506, 0.00
11459, 506, 0.00
11478, 506, 0.00
11497, 506, 0.00
11515, 505, 0.00
11534, 505, 0.00
11553, 505, 0.00
11572, 506, 0.00
11590, 509, 0.00
11609, 510, 0.00
11628, 512, 0.00
11646, 517, 0.00
11665, 520, 0.00
11683, 521, 0.00
11703, 522, 0.00
11721, 520, 0.00
11740, 517, 0.00
11759, 513, 96.00
11779, 511, 0.00
11797, 507, 0.00
11815, 504, 0.00
11835, 503, 0.00
11853, 502, 0.00
11872, 503, 0.00
11891, 505, 0.00
11910, 508, 0.00
11928, 509, 0.00
11947, 511, 0.00
11966, 512, 0.00
11984, 511, 0.00
12003, 511, 0.00
12022, 510, 0.00
12041, 508, 0.00
12059, 507, 0.00
12078, 507, 0.00
12097, 505, 0.00
12115, 504, 0.00
12134, 505, 0.00
12153, 505, 0.00
12172, 506, 0.00
12190, 508, 0.00
12209, 509, 0.00
12228, 509, 0.00
12247, 512, 0.00
12265, 516, 0.00
12283, 517, 0.00
12303, 520, 0.00
12321, 520, 0.00
12340, 518, 0.00
12359, 517, 0.00
12378, 515, 96.00
12397, 512, 0.00
12416, 507, 0.00
12435, 503, 0.00
12453, 501, 0.00
12472, 501, 0.00
12491, 501, 0.00
12510, 505, 0.00
12528, 506, 0.00
12547, 508, 0.00
12566, 510, 0.00
12584, 511, 0.00
12603, 512, 0.00
12622, 512, 0.00
12641, 511, 0.00
12659, 508, 0.00
12678, 509, 0.00
12697, 507, 0.00
12716, 506, 0.00
12734, 506, 0.00
12753, 504, 0.00
12772, 505, 0.00
12790, 505, 0.00
12809, 507, 0.00
12828, 507, 0.00
12847, 510, 0.00
12865, 513, 0.00
12884, 514, 0.00
12903, 518, 0.00
12921, 519, 0.00
12940, 519, 0.00
12959, 518, 0.00
12978, 518, 0.00
12996, 513, 97.00
13016, 511, 0.00
13035, 507, 0.00
13053, 505, 0.00
13072, 503, 0.00
13091, 503, 0.00
13110, 505, 0.00
13128, 507, 0.00
13147, 508, 0.00
13166, 509, 0.00
13185, 511, 0.00
13203, 512, 0.00
13222, 512, 0.00
13241, 511, 0.00
13259, 509, 0.00
13278, 508, 0.00
13297, 508, 0.00
13316, 505, 0.00
13334, 505, 0.00
13353, 505, 0.00
13372, 505, 0.00
13390, 505, 0.00
13409, 507, 0.00
13428, 507, 0.00
13447, 509, 0.00
13465, 512, 0.00
13485, 516, 0.00
13503, 520, 0.00
13521, 522, 0.00
13540, 523, 0.00
13559, 521, 0.00
13578, 520, 0.00
13596, 517, 0.00
13615, 514, 96.00
13635, 509, 0.00
13654, 507, 0.00
13672, 504, 0.00
13691, 503, 0.00
13710, 504, 0.00
13728, 505, 0.00
13747, 506, 0.00
13766, 509, 0.00
13785, 512, 0.00
13803, 511, 0.00
13822, 512, 0.00
13841, 511, 0.00
13859, 509, 0.00
13878, 509, 0.00
13897, 508, 0.00
13916, 506, 0.00
13934, 505, 0.00
13954, 505, 0.00
13972, 505, 0.00
13990, 506, 0.00
14009, 508, 0.00
14028, 508, 0.00
14047, 510, 0.00
14065, 512, 0.00
14085, 514, 0.00
14103, 518, 0.00
14121, 521, 0.00
14140, 522, 0.00
14159, 520, 0.00
14178, 519, 0.00
14196, 518, 0.00
14216, 514, 99.00
14235, 510, 0.00
14254, 508, 0.00
14272, 504, 0.00
14291, 502, 0.00
14310, 502, 0.00
14328, 504, 0.00
14347, 505, 0.00
14366, 507, 0.00
14385, 509, 0.00
14403, 511, 0.00
14423, 512, 0.00
14441, 512, 0.00
14459, 511, 0.00
14478, 510, 0.00
14497, 509, 0.00
14516, 507, 0.00
14534, 506, 0.00
14554, 507, 0.00
14572, 506, 0.00
14590, 506, 0.00
14609, 508, 0.00
14628, 508, 0.00
14647, 508, 0.00
14665, 510, 0.00
14685, 514, 0.00
14703, 514, 0.00
14722, 517, 0.00
14740, 521, 0.00
14759, 521, 0.00
14778, 522, 0.00
14796, 519, 0.00
14816, 516, 100.00
14836, 514, 0.00
14855, 510, 0.00
14873, 507, 0.00
14893, 503, 0.00
14911, 502, 0.00
14929, 502, 0.00
14949, 504, 0.00
14967, 506, 0.00
14986, 508, 0.00
15004, 511, 0.00
15024, 511, 0.00
15042, 512, 0.00
15060, 511, 0.00
15079, 511, 0.00
15098, 508, 0.00
15117, 508, 0.00
15135, 507, 0.00
15155, 505, 0.00
15173, 506, 0.00
15192, 505, 0.00
15210, 505, 0.00
15229, 506, 0.00
15248, 508, 0.00
15266, 508, 0.00
15286, 510, 0.00
15304, 512, 0.00
15323, 514, 0.00
15341, 517, 0.00
15361, 520, 0.00
15379, 520, 0.00
15397, 520, 0.00
15417, 520, 0.00
15435, 516, 96.00
15455, 513, 0.00
15473, 510, 0.00
15493, 507, 0.00
15511, 504, 0.00
15529, 502, 0.00
15549, 504, 0.00
15567, 504, 0.00
15586, 505, 0.00
15604, 509, 0.00
15624, 510, 0.00
15642, 512, 0.00
15661, 511, 0.00
15680, 511, 0.00
15698, 509, 0.00
15717, 508, 0.00
15735, 508, 0.00
15755, 505, 0.00
15773, 505, 0.00
15792, 504, 0.00
15810, 505, 0.00
15830, 505, 0.00
15848, 507, 0.00
15866, 508, 0.00
15886, 509, 0.00
15904, 510, 0.00
15923, 511, 0.00
15941, 513, 0.00
15961, 516, 0.00
15979, 519, 0.00
15997, 520, 0.00
16017, 520, 0.00
16035, 519, 0.00
16054, 517, 0.00
16072, 515, 94.00
16093, 511, 0.00
16111, 508, 0.00
16130, 506, 0.00
16149, 505, 0.00
16167, 504, 0.00
16186, 505, 0.00
16204, 508, 0.00
16224, 510, 0.00
16242, 511, 0.00
16261, 512, 0.00
16280, 512, 0.00
16299, 510, 0.00
16317, 510, 0.00
16335, 509, 0.00
16355, 508, 0.00
16373, 507, 0.00
16392, 506, 0.00
16410, 506, 0.00
16430, 506, 0.00
16448, 507, 0.00
16466, 508, 0.00
16486, 508, 0.00
16504, 510, 0.00
16523, 511, 0.00
16541, 512, 0.00
16561, 514, 0.00
16579, 516, 0.00
16598, 516, 0.00
16617, 519, 0.00
16635, 519, 0.00
16654, 516, 103.00
16674, 515, 0.00
16694, 512, 0.00
16712, 509, 0.00
16731, 505, 0.00
16750, 503, 0.00
16769, 503, 0.00
16787, 504, 0.00
16805, 503, 0.00
16825, 507, 0.00
16843, 510, 0.00
16862, 509, 0.00
16881, 510, 0.00
16900, 510, 0.00
16918, 509, 0.00
16936, 508, 0.00
16956, 509, 0.00
16974, 508, 0.00
16993, 506, 0.00
17012, 505, 0.00
17031, 505, 0.00
17049, 506, 0.00
17068, 507, 0.00
17087, 507, 0.00
17105, 508, 0.00
17124, 509, 0.00
17142, 511, 0.00
17162, 513, 0.00
17180, 515, 0.00
17199, 518, 0.00
17218, 519, 0.00
17236, 521, 0.00
17255, 521, 0.00
17273, 520, 0.00
17293, 517, 0.00
17311, 513, 91.00
17331, 509, 0.00
17350, 506, 0.00
17369, 502, 0.00
17387, 503, 0.00
17405, 502, 0.00
17425, 505, 0.00
17443, 505, 0.00
17462, 507, 0.00
17481, 509, 0.00
17500, 510, 0.00
17518, 510, 0.00
17537, 509, 0.00
17556, 511, 0.00
17574, 509, 0.00
17593, 510, 0.00
17612, 510, 0.00
17631, 509, 0.00
17649, 508, 0.00
17668, 509, 0.00
17687, 509, 0.00
17705, 509, 0.00
17724, 510, 0.00
17743, 513, 0.00
17762, 514, 0.00
17780, 518, 0.00
17799, 521, 0.00
17818, 523, 0.00
17837, 524, 0.00
17855, 523, 0.00
17873, 520, 0.00
17893, 518, 0.00
17911, 515, 100.00
17932, 512, 0.00
17951, 508, 0.00
17970, 505, 0.00
17988, 504, 0.00
18007, 505, 0.00
18026, 504, 0.00
18044, 506, 0.00
18063, 508, 0.00
18082, 509, 0.00
18101, 511, 0.00
18119, 511, 0.00
18138, 511, 0.00
18157, 509, 0.00
18176, 509, 0.00
18194, 508, 0.00
18213, 507, 0.00
18232, 508, 0.00
18250, 507, 0.00
18269, 507, 0.00
18288, 508, 0.00
18307, 509, 0.00
18325, 508, 0.00
18344, 510, 0.00
18363, 514, 0.00
18381, 516, 0.00
18400, 519, 0.00
18419, 520, 0.00
18438, 519, 0.00
18456, 517, 0.00
18476, 516, 106.00
18496, 514, 0.00
18514, 511, 0.00
18533, 507, 0.00
18552, 504, 0.00
18571, 501, 0.00
18589, 501, 0.00
18609, 501, 0.00
18627, 505, 0.00
18646, 506, 0.00
18664, 508, 0.00
18683, 511, 0.00
18702, 511, 0.00
18720, 511, 0.00
18739, 511, 0.00
18758, 511, 0.00
18777, 509, 0.00
18795, 508, 0.00
18814, 506, 0.00
18833, 505, 0.00
18851, 505, 0.00
18870, 505, 0.00
18889, 506, 0.00
18908, 507, 0.00
18926, 508, 0.00
18946, 508, 0.00
18964, 511, 0.00
18982, 514, 0.00
19001, 515, 0.00
19020, 518, 0.00
19039, 520, 0.00
19057, 520, 0.00
19077, 519, 0.00
19095, 518, 0.00
19113, 515, 94.00
19133, 512, 0.00
19152, 507, 0.00
19171, 505, 0.00
19189, 503, 0.00
19209, 503, 0.00
19227, 504, 0.00
19246, 505, 0.00
19264, 506, 0.00
19283, 508, 0.00
19302, 510, 0.00
19320, 511, 0.00
19339, 511, 0.00
19358, 511, 0.00
19377, 509, 0.00
19395, 508, 0.00
19415, 508, 0.00
19433, 506, 0.00
19451, 506, 0.00
19470, 506, 0.00
19489, 506, 0.00
19508, 507, 0.00
19526, 509, 0.00
19546, 508, 0.00
19564, 509, 0.00
19582, 511, 0.00
19601, 512, 0.00
19620, 515, 0.00
19639, 518, 0.00
19657, 520, 0.00
19677, 520, 0.00
19695, 520, 0.00
19714, 517, 0.00
19732, 515, 96.00
19752, 511, 0.00
19771, 509, 0.00
19789, 505, 0.00
19809, 504, 0.00
19827, 503, 0.00
19846, 504, 0.00
19864, 505, 0.00
19884, 508, 0.00
19902, 510, 0.00
19920, 511, 0.00
19940, 513, 0.00
19958, 512, 0.00
19977, 511, 0.00
19995, 510, 0.00
20015, 508, 0.00
20033, 507, 0.00
20051, 506, 0.00
20070, 505, 0.00
20089, 505, 0.00
20108, 506, 0.00
20126, 508, 0.00
20146, 507, 0.00
20164, 508, 0.00
20183, 509, 0.00
20201, 510, 0.00
20220, 511, 0.00
20239, 512, 0.00
20257, 514, 0.00
20277, 516, 0.00
20295, 518, 0.00
20314, 521, 0.00
20332, 520, 0.00
20352, 519, 0.00
20370, 517, 0.00
20388, 515, 91.00
20409, 512, 0.00
20427, 509, 0.00
20446, 508, 0.00
20464, 507, 0.00
20484, 507, 0.00
20502, 508, 0.00
20520, 508, 0.00
20540, 509, 0.00
20558, 510, 0.00
20577, 510, 0.00
20595, 510, 0.00
20615, 511, 0.00
20633, 508, 0.00
20652, 507, 0.00
20670, 507, 0.00
20689, 506, 0.00
20708, 506, 0.00
20726, 508, 0.00
20746, 508, 0.00
20764, 509, 0.00
20783, 509, 0.00
20801, 510, 0.00
20820, 510, 0.00
20839, 511, 0.00
20857, 510, 0.00
20877, 509, 0.00
20895, 511, 0.00
20914, 512, 0.00
20932, 514, 0.00
20952, 517, 0.00
20970, 519, 0.00
20988, 518, 0.00
21008, 517, 0.00
21026, 518, 0.00
21045, 515, 91.00
21064, 511, 0.00
21084, 509, 0.00
21102, 508, 0.00
21121, 506, 0.00
21140, 507, 0.00
21158, 507, 0.00
21177, 508, 0.00
21195, 508, 0.00
21215, 509, 0.00
21233, 509, 0.00
21252, 508, 0.00
21271, 508, 0.00
21289, 507, 0.00
21308, 507, 0.00
21326, 506, 0.00
21346, 508, 0.00
21364, 508, 0.00
21383, 509, 0.00
21401, 510, 0.00
21421, 509, 0.00
21439, 511, 0.00
21457, 511, 0.00
21477, 510, 0.00
21495, 510, 0.00
21514, 511, 0.00
21532, 510, 0.00
21552, 511, 0.00
21570, 515, 0.00
21588, 516, 0.00
21608, 519, 0.00
21626, 520, 0.00
21645, 519, 0.00
21663, 517, 0.00
21683, 515, 94.00
21702, 512, 0.00
21721, 509, 0.00
21740, 507, 0.00
21758, 507, 0.00
21777, 506, 0.00
21795, 506, 0.00
21815, 507, 0.00
21833, 508, 0.00
21852, 507, 0.00
21871, 508, 0.00
21890, 508, 0.00
21908, 507, 0.00
21926, 507, 0.00
21946, 508, 0.00
21964, 508, 0.00
21983, 507, 0.00
22001, 508, 0.00
22021, 509, 0.00
22039, 510, 0.00
22057, 509, 0.00
22077, 509, 0.00
22095, 508, 0.00
22114, 509, 0.00
22132, 508, 0.00
22152, 508, 0.00
22170, 510, 0.00
22189, 511, 0.00
22208, 513, 0.00
22226, 516, 0.00
22245, 519, 0.00
22263, 519, 0.00
22283, 519, 0.00
22301, 519, 0.00
22320, 516, 94.00
22340, 514, 0.00
22359, 512, 0.00
22377, 509, 0.00
22395, 506, 0.00
22415, 505, 0.00
22433, 505, 0.00
22452, 506, 0.00
22471, 506, 0.00
22490, 508, 0.00
22508, 508, 0.00
22526, 510, 0.00
22546, 511, 0.00
22564, 510, 0.00
22583, 510, 0.00
22602, 510, 0.00
22621, 510, 0.00
22639, 509, 0.00
22658, 509, 0.00
22677, 509, 0.00
22695, 507, 0.00
22714, 508, 0.00
22732, 508, 0.00
22752, 506, 0.00
22770, 506, 0.00
22789, 506, 0.00
22808, 506, 0.00
22827, 508, 0.00
22845, 513, 0.00
22863, 515, 0.00
22883, 518, 0.00
22901, 520, 0.00
22920, 520, 0.00
22939, 520, 0.00
22958, 519, 0.00
22976, 516, 91.00
22995, 513, 0.00
23015, 508, 0.00
23033, 507, 0.00
23052, 503, 0.00
23071, 503, 0.00
23090, 504, 0.00
23108, 505, 0.00
23127, 506, 0.00
23146, 508, 0.00
23164, 509, 0.00
23183, 510, 0.00
23202, 512, 0.00
23221, 512, 0.00
23239, 509, 0.00
23258, 510, 0.00
23277, 509, 0.00
23296, 506, 0.00
23314, 506, 0.00
23332, 506, 0.00
23352, 506, 0.00
23370, 505, 0.00
23389, 506, 0.00
23408, 506, 0.00
23427, 508, 0.00
23445, 510, 0.00
23463, 511, 0.00
23483, 512, 0.00
23501, 515, 0.00
23520, 517, 0.00
23539, 519, 0.00
23558, 520, 0.00
23576, 520, 0.00
23595, 518, 0.00
23614, 516, 94.00
23633, 513, 0.00
23652, 510, 0.00
23671, 506, 0.00
23690, 504, 0.00
23708, 502, 0.00
23727, 502, 0.00
23746, 504, 0.00
23764, 507, 0.00
23783, 508, 0.00
23802, 510, 0.00
23821, 512, 0.00
23839, 511, 0.00
23858, 512, 0.00
23877, 512, 0.00
23896, 510, 0.00
23914, 509, 0.00
23933, 508, 0.00
23952, 506, 0.00
23970, 506, 0.00
23989, 507, 0.00
24008, 506, 0.00
24027, 507, 0.00
24045, 507, 0.00
24064, 508, 0.00
24083, 507, 0.00
24101, 509, 0.00
24120, 511, 0.00
24139, 511, 0.00
24158, 513, 0.00
24176, 515, 0.00
24195, 516, 0.00
24214, 518, 0.00
24232, 518, 0.00
24251, 516, 94.00
24271, 515, 0.00
24290, 513, 0.00
24308, 510, 0.00
24327, 507, 0.00
24346, 505, 0.00
24365, 506, 0.00
24383, 506, 0.00
24402, 505, 0.00
24421, 507, 0.00
24439, 508, 0.00
24458, 510, 0.00
24477, 511, 0.00
24496, 511, 0.00
24514, 510, 0.00
24534, 510, 0.00
24552, 508, 0.00
24570, 507, 0.00
24589, 507, 0.00
24608, 506, 0.00
24627, 507, 0.00
24645, 507, 0.00
24664, 509, 0.00
24683, 508, 0.00
24701, 509, 0.00
24720, 509, 0.00
24739, 509, 0.00
24758, 509, 0.00
24776, 509, 0.00
24795, 509, 0.00
24814, 510, 0.00
24833, 512, 0.00
24851, 514, 0.00
24870, 516, 0.00
24889, 518, 0.00
24907, 518, 0.00
24926, 517, 0.00
24945, 516, 86.00
24965, 513, 0.00
24983, 510, 0.00
25003, 507, 0.00
25021, 506, 0.00
25039, 505, 0.00
25058, 505, 0.00
25077, 506, 0.00
25096, 507, 0.00
25114, 507, 0.00
25134, 508, 0.00
25152, 509, 0.00
25170, 509, 0.00
25189, 508, 0.00
25208, 508, 0.00
25227, 508, 0.00
25245, 508, 0.00
25265, 509, 0.00
25283, 510, 0.00
25302, 508, 0.00
25320, 510, 0.00
25339, 510, 0.00
25358, 511, 0.00
25376, 511, 0.00
25395, 510, 0.00
25414, 509, 0.00
25433, 508, 0.00
25451, 508, 0.00
25470, 508, 0.00
25489, 510, 0.00
25507, 512, 0.00
25526, 515, 0.00
25545, 516, 0.00
25564, 517, 0.00
25582, 517, 0.00
25602, 516, 91.00
25621, 515, 0.00
25639, 515, 0.00
25658, 510, 0.00
25677, 509, 0.00
25696, 507, 0.00
25714, 506, 0.00
25734, 507, 0.00
25752, 508, 0.00
25771, 508, 0.00
25789, 508, 0.00
25808, 509, 0.00
25827, 508, 0.00
25845, 509, 0.00
25865, 509, 0.00
25883, 508, 0.00
25902, 508, 0.00
25920, 508, 0.00
25939, 508, 0.00
25958, 508, 0.00
25976, 508, 0.00
25995, 508, 0.00
26014, 506, 0.00
26033, 506, 0.00
26051, 507, 0.00
26071, 505, 0.00
26089, 506, 0.00
26107, 507, 0.00
26126, 509, 0.00
26145, 513, 0.00
26164, 518, 0.00
26182, 520, 0.00
26202, 520, 0.00
26220, 520, 0.00
26238, 518, 0.00
26257, 517, 0.00
26276, 513, 89.00
26296, 510, 0.00
26314, 506, 0.00
26334, 504, 0.00
26352, 504, 0.00
26371, 503, 0.00
26389, 504, 0.00
26408, 507, 0.00
26427, 508, 0.00
26445, 508, 0.00
26465, 510, 0.00
26483, 510, 0.00
26502, 510, 0.00
26520, 510, 0.00
26540, 511, 0.00
26558, 509, 0.00
26576, 509, 0.00
26596, 509, 0.00
26614, 507, 0.00
26633, 507, 0.00
26651, 506, 0.00
26671, 506, 0.00
26689, 507, 0.00
26707, 508, 0.00
26726, 508, 0.00
26745, 511, 0.00
26764, 515, 0.00
26782, 518, 0.00
26802, 520, 0.00
26820, 522, 0.00
26839, 521, 0.00
26857, 521, 0.00
26876, 518, 0.00
26895, 515, 96.00
26914, 512, 0.00
26934, 508, 0.00
26952, 506, 0.00
26971, 504, 0.00
26989, 504, 0.00
27009, 505, 0.00
27027, 506, 0.00
27045, 508, 0.00
27065, 509, 0.00
27083, 512, 0.00
27102, 511, 0.00
27120, 512, 0.00
27140, 512, 0.00
27158, 510, 0.00
27176, 509, 0.00
27196, 508, 0.00
27214, 506, 0.00
27233, 505, 0.00
27251, 506, 0.00
27271, 506, 0.00
27289, 504, 0.00
27308, 508, 0.00
27326, 507, 0.00
27345, 509, 0.00
27364, 512, 0.00
27382, 514, 0.00
27402, 516, 0.00
27420, 520, 0.00
27439, 522, 0.00
27457, 521, 0.00
27476, 520, 0.00
27495, 517, 0.00
27513, 513, 97.00
27534, 510, 0.00
27552, 507, 0.00
27571, 506, 0.00
27589, 504, 0.00
27609, 504, 0.00
27627, 504, 0.00
27645, 505, 0.00
27665, 506, 0.00
27683, 508, 0.00
27702, 510, 0.00
27720, 511, 0.00
27740, 511, 0.00
27758, 510, 0.00
27777, 510, 0.00
27796, 509, 0.00
27814, 509, 0.00
27833, 506, 0.00
27851, 507, 0.00
27871, 506, 0.00
27889, 506, 0.00
27908, 506, 0.00
27927, 506, 0.00
27945, 507, 0.00
27964, 508, 0.00
27982, 511, 0.00
28002, 512, 0.00
28020, 516, 0.00
28039, 520, 0.00
28057, 519, 0.00
28077, 520, 0.00
28095, 518, 0.00
28113, 516, 100.00
28135, 515, 0.00
28153, 511, 0.00
28172, 508, 0.00
28190, 507, 0.00
28210, 504, 0.00
28228, 504, 0.00
28247, 504, 0.00
28266, 506, 0.00
28284, 507, 0.00
28303, 510, 0.00
28321, 510, 0.00
28341, 510, 0.00
28359, 511, 0.00
28378, 510, 0.00
28397, 510, 0.00
28416, 510, 0.00
28434, 510, 0.00
28452, 508, 0.00
28472, 507, 0.00
28490, 506, 0.00
28509, 506, 0.00
28528, 507, 0.00
28547, 507, 0.00
28565, 508, 0.00
28583, 509, 0.00
28603, 510, 0.00
28621, 511, 0.00
28640, 515, 0.00
28659, 518, 0.00
28678, 518, 0.00
28696, 520, 0.00
28715, 519, 0.00
28734, 516, 96.00
28753, 514, 0.00
28772, 512, 0.00
28790, 509, 0.00
28810, 507, 0.00
28828, 505, 0.00
28847, 504, 0.00
28866, 504, 0.00
28884, 504, 0.00
28903, 507, 0.00
28921, 508, 0.00
28941, 508, 0.00
28959, 510, 0.00
28978, 510, 0.00
28997, 510, 0.00
29016, 510, 0.00
29034, 510, 0.00
29052, 507, 0.00
29072, 507, 0.00
29090, 507, 0.00
29109, 507, 0.00
29128, 507, 0.00
29147, 507, 0.00
29165, 507, 0.00
29184, 507, 0.00
29203, 509, 0.00
29221, 510, 0.00
29240, 512, 0.00
29259, 514, 0.00
29278, 516, 0.00
29296, 519, 0.00
29315, 520, 0.00
29334, 519, 0.00
29352, 516, 97.00
29372, 514, 0.00
29391, 512, 0.00
29410, 508, 0.00
29428, 505, 0.00
29447, 505, 0.00
29466, 503, 0.00
29485, 504, 0.00
29503, 505, 0.00
29521, 506, 0.00
29541, 508, 0.00
29559, 509, 0.00
29578, 510, 0.00
29597, 510, 0.00
29616, 510, 0.00
29634, 510, 0.00
29652, 509, 0.00
29672, 508, 0.00
29690, 509, 0.00
29709, 508, 0.00
29728, 507, 0.00
29747, 507, 0.00
29765, 506, 0.00
29784, 507, 0.00
29803, 507, 0.00
29821, 508, 0.00
29840, 509, 0.00
29859, 511, 0.00
29878, 513, 0.00
29896, 516, 0.00
29915, 519, 0.00
29934, 520, 0.00
29953, 519, 0.00
29971, 518, 0.00
29990, 515, 94.00
30010, 513, 0.00
30028, 509, 0.00
30047, 507, 0.00
30066, 504, 0.00
30085, 504, 0.00
30103, 505, 0.00
30121, 506, 0.00
30141, 507, 0.00
30159, 509, 0.00
30178, 512, 0.00
30197, 511, 0.00
30216, 512, 0.00
30234, 511, 0.00
30253, 509, 0.00
30272, 510, 0.00
30290, 508, 0.00
30309, 506, 0.00
30328, 505, 0.00
30347, 506, 0.00
30365, 506, 0.00
30384, 507, 0.00
30403, 509, 0.00
30422, 509, 0.00
30440, 509, 0.00
30459, 511, 0.00
30478, 513, 0.00
30496, 516, 0.00
30515, 519, 0.00
30534, 520, 0.00
30553, 519, 0.00
30571, 518, 0.00
30590, 517, 0.00
30609, 513, 96.00
30628, 509, 0.00
30647, 507, 0.00
30666, 504, 0.00
30685, 504, 0.00
30703, 504, 0.00
30723, 506, 0.00
30741, 508, 0.00
30759, 510, 0.00
30778, 511, 0.00
30797, 512, 0.00
30816, 513, 0.00
30834, 512, 0.00
30853, 511, 0.00
30872, 509, 0.00
30891, 508, 0.00
30909, 506, 0.00
30928, 505, 0.00
30947, 506, 0.00
30965, 506, 0.00
30984, 507, 0.00
31003, 507, 0.00
31022, 508, 0.00
31040, 509, 0.00
31059, 511, 0.00
31078, 514, 0.00
31096, 517, 0.00
31115, 519, 0.00
31134, 520, 0.00
31153, 518, 0.00
31171, 517, 0.00
31191, 516, 103.00
31211, 512, 0.00
31229, 510, 0.00
31248, 507, 0.00
31267, 505, 0.00
31286, 503, 0.00
31304, 504, 0.00
31324, 505, 0.00
31342, 508, 0.00
31361, 508, 0.00
31379, 509, 0.00
31398, 510, 0.00
31417, 509, 0.00
31435, 511, 0.00
31455, 510, 0.00
31473, 509, 0.00
31492, 508, 0.00
31510, 508, 0.00
31529, 507, 0.00
31548, 505, 0.00
31566, 506, 0.00
31585, 505, 0.00
31604, 507, 0.00
31623, 508, 0.00
31641, 510, 0.00
31661, 512, 0.00
31679, 515, 0.00
31697, 518, 0.00
31716, 520, 0.00
31735, 521, 0.00
31754, 520, 0.00
31772, 517, 0.00
31792, 516, 99.00
31811, 514, 0.00
31830, 511, 0.00
31848, 508, 0.00
31867, 506, 0.00
31886, 505, 0.00
31904, 504, 0.00
31924, 505, 0.00
31942, 507, 0.00
31961, 508, 0.00
31979, 509, 0.00
31998, 511, 0.00
32017, 510, 0.00
32035, 510, 0.00
32055, 509, 0.00
32073, 509, 0.00
32092, 507, 0.00
32110, 507, 0.00
32130, 506, 0.00
32148, 506, 0.00
32166, 507, 0.00
32185, 507, 0.00
32204, 508, 0.00
32223, 509, 0.00
32241, 510, 0.00
32261, 512, 0.00
32279, 516, 0.00
32297, 519, 0.00
32316, 521, 0.00
32335, 522, 0.00
32354, 521, 0.00
32372, 518, 0.00
32392, 517, 0.00
32410, 515, 97.00
32430, 510, 0.00
32448, 506, 0.00
32467, 504, 0.00
32486, 503, 0.00
32504, 503, 0.00
32524, 505, 0.00
32542, 508, 0.00
32561, 509, 0.00
32579, 509, 0.00
32599, 510, 0.00
32617, 511, 0.00
32635, 511, 0.00
32655, 510, 0.00
32673, 510, 0.00
32692, 508, 0.00
32710, 508, 0.00
32730, 508, 0.00
32748, 507, 0.00
32766, 507, 0.00
32786, 507, 0.00
32804, 508, 0.00
32823, 508, 0.00
32841, 509, 0.00
32861, 510, 0.00
32879, 513, 0.00
32898, 516, 0.00
32916, 519, 0.00
32935, 520, 0.00
32954, 521, 0.00
32972, 519, 0.00
32992, 516, 103.00
33012, 514, 0.00
33031, 512, 0.00
33049, 508, 0.00
33069, 505, 0.00
33087, 503, 0.00
33105, 504, 0.00
33125, 504, 0.00
33143, 505, 0.00
33162, 508, 0.00
33180, 509, 0.00
33200, 511, 0.00
33218, 511, 0.00
33236, 512, 0.00
33256, 511, 0.00
33274, 511, 0.00
33293, 510, 0.00
33311, 508, 0.00
33331, 508, 0.00
33349, 508, 0.00
33368, 507, 0.00
33387, 507, 0.00
33405, 507, 0.00
33424, 507, 0.00
33442, 508, 0.00
33462, 510, 0.00
33480, 511, 0.00
33499, 513, 0.00
33518, 517, 0.00
33537, 519, 0.00
33555, 521, 0.00
33573, 520, 0.00
33593, 520, 0.00
33611, 516, 96.00
33631, 513, 0.00
33649, 511, 0.00
33669, 508, 0.00
33687, 505, 0.00
33705, 504, 0.00
33725, 503, 0.00
33743, 505, 0.00
33762, 507, 0.00
33780, 509, 0.00
33800, 510, 0.00
33818, 511, 0.00
33837, 514, 0.00
33856, 511, 0.00
33874, 511, 0.00
33893, 510, 0.00
33911, 509, 0.00
33931, 508, 0.00
33949, 508, 0.00
33968, 507, 0.00
33987, 507, 0.00
34006, 507, 0.00
34024, 507, 0.00
34042, 508, 0.00
34062, 508, 0.00
34080, 508, 0.00
34099, 509, 0.00
34118, 511, 0.00
34137, 513, 0.00
34155, 516, 0.00
34173, 519, 0.00
34193, 519, 0.00
34211, 518, 0.00
34230, 517, 0.00
34248, 516, 94.00
34269, 514, 0.00
34287, 510, 0.00
34306, 508, 0.00
34325, 505, 0.00
34343, 504, 0.00
34362, 504, 0.00
34380, 507, 0.00
34400, 508, 0.00
34418, 511, 0.00
34437, 511, 0.00
34456, 512, 0.00
34475, 513, 0.00
34493, 512, 0.00
34511, 511, 0.00
34531, 510, 0.00
34549, 509, 0.00
34568, 507, 0.00
34587, 506, 0.00
34606, 508, 0.00
34624, 507, 0.00
34642, 507, 0.00
34662, 508, 0.00
34680, 510, 0.00
34699, 510, 0.00
34718, 511, 0.00
34737, 513, 0.00
34755, 514, 0.00
34774, 517, 0.00
34793, 518, 0.00
34811, 518, 0.00
34830, 518, 0.00
34849, 516, 99.00
34869, 516, 0.00
34887, 512, 0.00
34906, 510, 0.00
34925, 506, 0.00
34944, 505, 0.00
34962, 504, 0.00
34980, 506, 0.00
35000, 506, 0.00
35018, 508, 0.00
35037, 510, 0.00
35056, 511, 0.00
35075, 512, 0.00
35093, 512, 0.00
35111, 512, 0.00
35131, 510, 0.00
35149, 509, 0.00
35168, 508, 0.00
35187, 507, 0.00
35206, 507, 0.00
35224, 506, 0.00
35243, 506, 0.00
35262, 506, 0.00
35280, 508, 0.00
35299, 509, 0.00
35318, 510, 0.00
35337, 511, 0.00
35355, 512, 0.00
35374, 515, 0.00
35393, 518, 0.00
35411, 519, 0.00
35430, 519, 0.00
35449, 519, 0.00
35468, 517, 0.00
35486, 513, 94.00
35506, 512, 0.00
35525, 509, 0.00
35544, 507, 0.00
35562, 505, 0.00
35581, 505, 0.00
35600, 505, 0.00
35618, 506, 0.00
35637, 508, 0.00
35656, 510, 0.00
35675, 511, 0.00
35693, 511, 0.00
35712, 510, 0.00
35731, 509, 0.00
35749, 510, 0.00
35768, 510, 0.00
35787, 507, 0.00
35806, 508, 0.00
35824, 507, 0.00
35843, 507, 0.00
35862, 507, 0.00
35880, 509, 0.00
35899, 509, 0.00
35918, 509, 0.00
35937, 510, 0.00
35955, 510, 0.00
35974, 512, 0.00
35993, 515, 0.00
36012, 518, 0.00
36030, 519, 0.00
36049, 520, 0.00
36068, 518, 0.00
36086, 517, 0.00
36105, 515, 96.00
36125, 513, 0.00
36144, 509, 0.00
36162, 507, 0.00
36182, 506, 0.00
36200, 505, 0.00
36218, 505, 0.00
36237, 506, 0.00
36256, 509, 0.00
36275, 509, 0.00
36293, 511, 0.00
36312, 511, 0.00
36331, 510, 0.00
36349, 511, 0.00
36368, 510, 0.00
36387, 509, 0.00
36406, 508, 0.00
36424, 507, 0.00
36443, 506, 0.00
36462, 507, 0.00
36481, 508, 0.00
36499, 507, 0.00
36518, 508, 0.00
36537, 510, 0.00
36555, 509, 0.00
36574, 510, 0.00
36593, 511, 0.00
36612, 514, 0.00
36630, 515, 0.00
36649, 518, 0.00
36668, 519, 0.00
36686, 518, 0.00
36705, 517, 0.00
36724, 515, 96.00
36744, 512, 0.00
36762, 510, 0.00
36782, 508, 0.00
36800, 508, 0.00
36818, 506, 0.00
36837, 507, 0.00
36856, 507, 0.00
36875, 508, 0.00
36893, 509, 0.00
36913, 510, 0.00
36931, 510, 0.00
36950, 509, 0.00
36968, 509, 0.00
36987, 507, 0.00
37006, 505, 0.00
37024, 507, 0.00
37043, 506, 0.00
37062, 506, 0.00
37081, 508, 0.00
37099, 508, 0.00
37118, 508, 0.00
37137, 509, 0.00
37155, 510, 0.00
37174, 510, 0.00
37193, 510, 0.00
37212, 511, 0.00
37230, 512, 0.00
37250, 515, 0.00
37268, 517, 0.00
37286, 518, 0.00
37305, 519, 0.00
37324, 518, 0.00
37343, 516, 96.00
37362, 513, 0.00
37382, 510, 0.00
37400, 509, 0.00
37419, 505, 0.00
37437, 504, 0.00
37456, 506, 0.00
37475, 506, 0.00
37493, 509, 0.00
37513, 510, 0.00
37531, 511, 0.00
37550, 511, 0.00
37568, 511, 0.00
37587, 510, 0.00
37606, 510, 0.00
37624, 509, 0.00
37643, 508, 0.00
37662, 508, 0.00
37681, 508, 0.00
37699, 508, 0.00
37719, 507, 0.00
37737, 508, 0.00
37755, 509, 0.00
37774, 509, 0.00
37793, 510, 0.00
37812, 511, 0.00
37830, 510, 0.00
37850, 511, 0.00
37868, 513, 0.00
37886, 515, 0.00
37905, 514, 0.00
37924, 518, 0.00
37943, 518, 0.00
37961, 518, 0.00
37981, 517, 0.00
37999, 514, 91.00
38019, 512, 0.00
38037, 509, 0.00
38056, 508, 0.00
38075, 507, 0.00
38093, 508, 0.00
38113, 508, 0.00
38131, 508, 0.00
38150, 508, 0.00
38168, 509, 0.00
38188, 510, 0.00
38206, 510, 0.00
38224, 510, 0.00
38244, 510, 0.00
38262, 508, 0.00
38281, 508, 0.00
38299, 509, 0.00
38319, 508, 0.00
38337, 509, 0.00
38355, 509, 0.00
38374, 509, 0.00
38393, 510, 0.00
38412, 510, 0.00
38430, 510, 0.00
38450, 509, 0.00
38468, 511, 0.00
38487, 512, 0.00
38505, 513, 0.00
38524, 515, 0.00
38543, 516, 0.00
38561, 518, 0.00
38581, 517, 0.00
38599, 516, 100.00
38620, 515, 0.00
38638, 512, 0.00
38658, 510, 0.00
38676, 507, 0.00
38694, 506, 0.00
38714, 505, 0.00
38732, 506, 0.00
38751, 507, 0.00
38769, 506, 0.00
38789, 508, 0.00
38807, 510, 0.00
38825, 509, 0.00
38845, 509, 0.00
38863, 508, 0.00
38882, 508, 0.00
38900, 507, 0.00
38920, 509, 0.00
38938, 508, 0.00
38957, 508, 0.00
38976, 508, 0.00
38994, 507, 0.00
39013, 508, 0.00
39031, 508, 0.00
39051, 508, 0.00
39069, 508, 0.00
39088, 510, 0.00
39106, 511, 0.00
39126, 513, 0.00
39144, 517, 0.00
39162, 517, 0.00
39182, 518, 0.00
39200, 518, 0.00
39219, 518, 0.00
39237, 515, 94.00
39258, 512, 0.00
39276, 510, 0.00
39294, 509, 0.00
39314, 506, 0.00
39332, 506, 0.00
39351, 505, 0.00
39369, 505, 0.00
39389, 507, 0.00
39407, 508, 0.00
39426, 509, 0.00
39445, 508, 0.00
39463, 509, 0.00
39482, 509, 0.00
39500, 509, 0.00
39520, 510, 0.00
39538, 509, 0.00
39557, 508, 0.00
39576, 508, 0.00
39595, 508, 0.00
39613, 508, 0.00
39631, 508, 0.00
39651, 509, 0.00
39669, 509, 0.00
39688, 511, 0.00
39706, 512, 0.00
39726, 515, 0.00
39744, 516, 0.00
39762, 517, 0.00
39782, 518, 0.00
39800, 518, 0.00
39819, 518, 0.00
39837, 516, 100.00
39859, 514, 0.00
39877, 510, 0.00
39896, 509, 0.00
39915, 507, 0.00
39933, 505, 0.00
39952, 506, 0.00
39970, 507, 0.00
39990, 507, 0.00
40008, 508, 0.00
40027, 508, 0.00
40046, 508, 0.00
40065, 508, 0.00
40083, 509, 0.00
40101, 509, 0.00
40121, 509, 0.00
40139, 510, 0.00
40158, 510, 0.00
40177, 509, 0.00
40196, 510, 0.00
40214, 510, 0.00
40232, 510, 0.00
40252, 510, 0.00
40270, 509, 0.00
40289, 509, 0.00
40308, 509, 0.00
40327, 510, 0.00
40345, 512, 0.00
40364, 515, 0.00
40383, 517, 0.00
40401, 519, 0.00
40420, 518, 0.00
40438, 518, 0.00
40458, 515, 96.00
40477, 511, 0.00
40496, 510, 0.00
40515, 507, 0.00
40534, 505, 0.00
40552, 505, 0.00
40570, 506, 0.00
40590, 508, 0.00
40608, 509, 0.00
40627, 510, 0.00
40646, 510, 0.00
40665, 509, 0.00
40683, 509, 0.00
40701, 508, 0.00
40721, 507, 0.00
40739, 507, 0.00
40758, 508, 0.00
40777, 507, 0.00
40796, 508, 0.00
40814, 508, 0.00
40833, 508, 0.00
40852, 509, 0.00
40870, 509, 0.00
40889, 508, 0.00
40908, 509, 0.00
40927, 510, 0.00
40945, 511, 0.00
40964, 512, 0.00
40983, 516, 0.00
41001, 518, 0.00
41020, 519, 0.00
41039, 519, 0.00
41058, 517, 0.00
41076, 515, 97.00
41096, 511, 0.00
41115, 508, 0.00
41134, 507, 0.00
41152, 506, 0.00
41170, 505, 0.00
41190, 506, 0.00
41208, 506, 0.00
41227, 507, 0.00
41246, 509, 0.00
41265, 508, 0.00
41283, 509, 0.00
41302, 509, 0.00
41321, 509, 0.00
41339, 509, 0.00
41358, 510, 0.00
41377, 509, 0.00
41396, 510, 0.00
41414, 509, 0.00
41433, 510, 0.00
41452, 510, 0.00
41470, 510, 0.00
41489, 510, 0.00
41508, 508, 0.00
41527, 509, 0.00
41545, 509, 0.00
41564, 510, 0.00
41583, 513, 0.00
41602, 516, 0.00
41620, 518, 0.00
41639, 519, 0.00
41658, 519, 0.00
41676, 517, 0.00
41695, 516, 96.00
41715, 513, 0.00
41734, 510, 0.00
41752, 506, 0.00
41772, 505, 0.00
41790, 504, 0.00
41808, 504, 0.00
41827, 506, 0.00
41846, 507, 0.00
41865, 508, 0.00
41883, 509, 0.00
41902, 509, 0.00
41921, 509, 0.00
41939, 509, 0.00
41958, 509, 0.00
41977, 507, 0.00
41996, 507, 0.00
42014, 508, 0.00
42033, 509, 0.00
42052, 509, 0.00
42071, 509, 0.00
42089, 509, 0.00
42108, 508, 0.00
42127, 509, 0.00
42145, 509, 0.00
42164, 509, 0.00
42183, 511, 0.00
42202, 513, 0.00
42220, 515, 0.00
42240, 517, 0.00
42258, 518, 0.00
42276, 517, 0.00
42295, 516, 100.00
42316, 513, 0.00
42335, 511, 0.00
42353, 511, 0.00
42373, 506, 0.00
42391, 506, 0.00
42409, 505, 0.00
42428, 506, 0.00
42447, 508, 0.00
42466, 509, 0.00
42484, 509, 0.00
42504, 509, 0.00
42522, 510, 0.00
42541, 509, 0.00
42559, 510, 0.00
42578, 511, 0.00
42597, 510, 0.00
42615, 509, 0.00
42634, 508, 0.00
42653, 508, 0.00
42672, 508, 0.00
42690, 508, 0.00
42710, 508, 0.00
42728, 507, 0.00
42746, 507, 0.00
42765, 509, 0.00
42784, 510, 0.00
42803, 512, 0.00
42821, 515, 0.00
42841, 518, 0.00
42859, 520, 0.00
42877, 521, 0.00
42896, 519, 0.00
42915, 518, 0.00
42934, 516, 93.00
42953, 512, 0.00
42973, 509, 0.00
42991, 508, 0.00
43010, 506, 0.00
43028, 505, 0.00
43047, 505, 0.00
43066, 507, 0.00
43084, 507, 0.00
43104, 508, 0.00
43122, 510, 0.00
43141, 510, 0.00
43159, 511, 0.00
43179, 510, 0.00
43197, 510, 0.00
43215, 509, 0.00
43234, 509, 0.00
43253, 511, 0.00
43272, 509, 0.00
43290, 509, 0.00
43310, 509, 0.00
43328, 508, 0.00
43346, 508, 0.00
43365, 507, 0.00
43384, 508, 0.00
43403, 509, 0.00
43421, 512, 0.00
43441, 516, 0.00
43459, 517, 0.00
43478, 519, 0.00
43496, 517, 0.00
43515, 516, 103.00
43536, 513, 0.00
43554, 511, 0.00
43574, 508, 0.00
43592, 506, 0.00
43611, 505, 0.00
43629, 506, 0.00
43649, 506, 0.00
43667, 507, 0.00
43685, 508, 0.00
43705, 508, 0.00
43723, 509, 0.00
43742, 509, 0.00
43760, 508, 0.00
43780, 508, 0.00
43798, 508, 0.00
43816, 508, 0.00
43836, 508, 0.00
43854, 509, 0.00
43873, 509, 0.00
43891, 508, 0.00
43911, 509, 0.00
43929, 509, 0.00
43948, 508, 0.00
43966, 507, 0.00
43985, 508, 0.00
44004, 509, 0.00
44022, 511, 0.00
44042, 514, 0.00
44060, 517, 0.00
44079, 518, 0.00
44097, 519, 0.00
44116, 518, 0.00
44135, 517, 0.00
44153, 514, 94.00
44174, 512, 0.00
44192, 509, 0.00
44211, 506, 0.00
44229, 505, 0.00
44249, 505, 0.00
44267, 505, 0.00
44285, 506, 0.00
44305, 507, 0.00
44323, 507, 0.00
44342, 507, 0.00
44360, 507, 0.00
44380, 508, 0.00
44398, 509, 0.00
44417, 512, 0.00
44436, 512, 0.00
44454, 513, 0.00
44473, 513, 0.00
44491, 511, 0.00
44511, 512, 0.00
44529, 511, 0.00
44548, 511, 0.00
44567, 509, 0.00
44585, 509, 0.00
44604, 508, 0.00
44622, 509, 0.00
44642, 512, 0.00
44660, 513, 0.00
44679, 516, 0.00
44697, 518, 0.00
44717, 518, 0.00
44735, 517, 0.00
44753, 516, 100.00
44775, 513, 0.00
44793, 511, 0.00
44812, 509, 0.00
44830, 507, 0.00
44850, 506, 0.00
44868, 505, 0.00
44887, 504, 0.00
44906, 505, 0.00
44924, 507, 0.00
44943, 508, 0.00
44961, 508, 0.00
44981, 508, 0.00
44999, 507, 0.00
45018, 508, 0.00
45037, 508, 0.00
45056, 508, 0.00
45074, 507, 0.00
45092, 506, 0.00
45112, 506, 0.00
45130, 506, 0.00
45149, 506, 0.00
45168, 506, 0.00
45187, 506, 0.00
45205, 507, 0.00
45223, 509, 0.00
45243, 510, 0.00
45261, 512, 0.00
45280, 514, 0.00
45299, 516, 0.00
45318, 517, 0.00
45336, 518, 0.00
45355, 516, 99.00
45375, 514, 0.00
45393, 512, 0.00
45412, 512, 0.00
45430, 509, 0.00
45450, 508, 0.00
45468, 506, 0.00
45487, 505, 0.00
45506, 505, 0.00
45524, 506, 0.00
45543, 506, 0.00
45561, 508, 0.00
45581, 508, 0.00
45599, 509, 0.00
45618, 508, 0.00
45637, 509, 0.00
45656, 508, 0.00
45674, 507, 0.00
45692, 508, 0.00
45712, 508, 0.00
45730, 509, 0.00
45749, 509, 0.00
45768, 509, 0.00
45787, 508, 0.00
45805, 508, 0.00
45824, 509, 0.00
45843, 509, 0.00
45861, 510, 0.00
45880, 512, 0.00
45899, 514, 0.00
45918, 516, 0.00
45936, 519, 0.00
45955, 518, 0.00
45974, 517, 0.00
45992, 516, 94.00
46012, 513, 0.00
46031, 510, 0.00
46050, 508, 0.00
46068, 507, 0.00
46087, 506, 0.00
46106, 505, 0.00
46125, 507, 0.00
46143, 507, 0.00
46161, 507, 0.00
46181, 509, 0.00
46199, 509, 0.00
46218, 509, 0.00
46237, 510, 0.00
46256, 509, 0.00
46274, 510, 0.00
46292, 510, 0.00
46312, 511, 0.00
46330, 509, 0.00
46349, 510, 0.00
46368, 510, 0.00
46387, 509, 0.00
46405, 509, 0.00
46424, 508, 0.00
46443, 508, 0.00
46461, 509, 0.00
46480, 512, 0.00
46499, 514, 0.00
46518, 517, 0.00
46536, 519, 0.00
46555, 519, 0.00
46574, 517, 0.00
46593, 515, 99.00
46612, 513, 0.00
46631, 511, 0.00
46650, 509, 0.00
46668, 507, 0.00
46687, 507, 0.00
46706, 506, 0.00
46725, 506, 0.00
46743, 507, 0.00
46761, 508, 0.00
46781, 509, 0.00
46799, 508, 0.00
46818, 509, 0.00
46837, 509, 0.00
46856, 511, 0.00
46874, 510, 0.00
46893, 509, 0.00
46912, 510, 0.00
46930, 509, 0.00
46949, 510, 0.00
46968, 509, 0.00
46987, 509, 0.00
47005, 508, 0.00
47024, 508, 0.00
47043, 509, 0.00
47062, 511, 0.00
47080, 514, 0.00
47099, 516, 0.00
47118, 519, 0.00
47136, 521, 0.00
47155, 520, 0.00
47174, 518, 0.00
47193, 518, 0.00
47211, 515, 97.00
47232, 512, 0.00
47250, 508, 0.00
47268, 506, 0.00
47287, 505, 0.00
47306, 503, 0.00
47325, 505, 0.00
47343, 506, 0.00
47363, 508, 0.00
47381, 508, 0.00
47399, 508, 0.00
47418, 508, 0.00
47437, 508, 0.00
47456, 509, 0.00
47474, 509, 0.00
47493, 508, 0.00
47512, 510, 0.00
47531, 510, 0.00
47549, 510, 0.00
47568, 510, 0.00
47587, 510, 0.00
47605, 509, 0.00
47624, 509, 0.00
47643, 510, 0.00
47662, 510, 0.00
47680, 512, 0.00
47699, 514, 0.00
47718, 516, 0.00
47736, 518, 0.00
47755, 519, 0.00
47774, 518, 0.00
47793, 517, 0.00
47811, 514, 100.00
47833, 511, 0.00
47851, 510, 0.00
47869, 506, 0.00
47888, 506, 0.00
47907, 504, 0.00
47926, 504, 0.00
47944, 506, 0.00
47964, 508, 0.00
47982, 509, 0.00
48001, 509, 0.00
48019, 509, 0.00
48038, 509, 0.00
48057, 509, 0.00
48075, 510, 0.00
48095, 509, 0.00
48113, 509, 0.00
48132, 509, 0.00
48150, 509, 0.00
48169, 509, 0.00
48188, 510, 0.00
48206, 509, 0.00
48225, 509, 0.00
48244, 509, 0.00
48263, 510, 0.00
48281, 509, 0.00
48301, 511, 0.00
48319, 513, 0.00
48337, 516, 0.00
48356, 518, 0.00
48375, 521, 0.00
48394, 520, 0.00
48412, 519, 0.00
48432, 517, 0.00
48450, 513, 93.00
48470, 509, 0.00
48488, 508, 0.00
48507, 506, 0.00
48526, 505, 0.00
48544, 505, 0.00
48564, 506, 0.00
48582, 506, 0.00
48601, 507, 0.00
48619, 508, 0.00
48638, 509, 0.00
48657, 509, 0.00
48675, 510, 0.00
48695, 509, 0.00
48713, 509, 0.00
48732, 509, 0.00
48750, 511, 0.00
48770, 508, 0.00
48788, 509, 0.00
48806, 509, 0.00
48825, 509, 0.00
48844, 509, 0.00
48863, 508, 0.00
48881, 508, 0.00
48901, 508, 0.00
48919, 510, 0.00
48937, 512, 0.00
48956, 515, 0.00
48975, 517, 0.00
48994, 518, 0.00
49012, 518, 0.00
49032, 517, 0.00
49050, 515, 100.00
49071, 514, 0.00
49089, 510, 0.00
49108, 508, 0.00
49127, 507, 0.00
49145, 506, 0.00
49165, 505, 0.00
49183, 506, 0.00
49202, 507, 0.00
49220, 508, 0.00
49240, 508, 0.00
49258, 508, 0.00
49276, 508, 0.00
49296, 509, 0.00
49314, 510, 0.00
49333, 509, 0.00
49351, 509, 0.00
49371, 509, 0.00
49389, 508, 0.00
49408, 509, 0.00
49427, 508, 0.00
49445, 507, 0.00
49464, 508, 0.00
49482, 509, 0.00
49502, 509, 0.00
49520, 508, 0.00
49539, 512, 0.00
49557, 514, 0.00
49576, 517, 0.00
49595, 518, 0.00
49613, 518, 0.00
49633, 518, 0.00
49651, 517, 0.00
49670, 515, 96.00
49689, 512, 0.00
49709, 510, 0.00
49727, 508, 0.00
49745, 506, 0.00
49765, 506, 0.00
49783, 506, 0.00
49802, 507, 0.00
49820, 508, 0.00
49840, 509, 0.00
49858, 509, 0.00
49876, 508, 0.00
49896, 508, 0.00
49914, 509, 0.00
49933, 509, 0.00
49951, 509, 0.00
49971, 510, 0.00
49989, 509, 0.00
50008, 510, 0.00
50027, 510, 0.00
50045, 510, 0.00
50064, 509, 0.00
50082, 510, 0.00
50102, 509, 0.00
50120, 510, 0.00
50139, 512, 0.00
50158, 514, 0.00
50177, 516, 0.00
50195, 518, 0.00
50213, 519, 0.00
50233, 517, 0.00
50251, 517, 0.00
50270, 515, 100.00
50291, 512, 0.00
50310, 509, 0.00
50328, 507, 0.00
50347, 506, 0.00
50366, 506, 0.00
50384, 505, 0.00
50403, 507, 0.00
50421, 508, 0.00
50441, 508, 0.00
50459, 508, 0.00
50478, 508, 0.00
50497, 509, 0.00
50515, 508, 0.00
50534, 510, 0.00
50552, 509, 0.00
50572, 509, 0.00
50590, 509, 0.00
50609, 509, 0.00
50628, 510, 0.00
50647, 510, 0.00
50665, 509, 0.00
50683, 508, 0.00
50703, 509, 0.00
50721, 510, 0.00
50740, 512, 0.00
50759, 515, 0.00
50778, 517, 0.00
50796, 518, 0.00
50814, 519, 0.00
50834, 518, 0.00
50852, 517, 0.00
50871, 515, 99.00
50891, 513, 0.00
50910, 511, 0.00
50928, 509, 0.00
50947, 507, 0.00
50966, 506, 0.00
50984, 505, 0.00
51003, 506, 0.00
51021, 507, 0.00
51041, 507, 0.00
51059, 507, 0.00
51078, 509, 0.00
51097, 509, 0.00
51116, 509, 0.00
51134, 509, 0.00
51152, 508, 0.00
51172, 509, 0.00
51190, 508, 0.00
51209, 508, 0.00
51228, 509, 0.00
51247, 509, 0.00
51265, 509, 0.00
51283, 509, 0.00
51303, 509, 0.00
51321, 510, 0.00
51340, 512, 0.00
51359, 514, 0.00
51378, 516, 0.00
51396, 517, 0.00
